"0","json_report <- rfastp(read1 = ""data/ENCFF332KDA.fastq.gz"", outputFastq = ""data/ENCFF332KDA_rfastp"")
"
"2","Detecting adapter sequence for read1..."
"2","
"
"2","No adapter detected for read1"
"2","
"
"2","
"
"2","["
"2","13"
"2",":"
"2","34"
"2",":"
"2","4"
"2","] "
"2","start to load data"
"2","
"
"2","["
"2","13"
"2",":"
"2","34"
"2",":"
"2","7"
"2","] "
"2","loaded 1M reads"
"2","
"
"2","["
"2","13"
"2",":"
"2","34"
"2",":"
"2","9"
"2","] "
"2","loaded 2M reads"
"2","
"
"2","["
"2","13"
"2",":"
"2","34"
"2",":"
"2","12"
"2","] "
"2","loaded 3M reads"
"2","
"
"2","["
"2","13"
"2",":"
"2","34"
"2",":"
"2","18"
"2","] "
"2","loaded 4M reads"
"2","
"
"2","["
"2","13"
"2",":"
"2","34"
"2",":"
"2","22"
"2","] "
"2","loaded 5M reads"
"2","
"
"2","["
"2","13"
"2",":"
"2","34"
"2",":"
"2","26"
"2","] "
"2","loaded 6M reads"
"2","
"
"2","["
"2","13"
"2",":"
"2","34"
"2",":"
"2","30"
"2","] "
"2","loaded 7M reads"
"2","
"
"2","["
"2","13"
"2",":"
"2","34"
"2",":"
"2","34"
"2","] "
"2","loaded 8M reads"
"2","
"
"2","["
"2","13"
"2",":"
"2","34"
"2",":"
"2","39"
"2","] "
"2","loaded 9M reads"
"2","
"
"2","["
"2","13"
"2",":"
"2","34"
"2",":"
"2","43"
"2","] "
"2","loaded 10M reads"
"2","
"
"2","["
"2","13"
"2",":"
"2","34"
"2",":"
"2","47"
"2","] "
"2","loaded 11M reads"
"2","
"
"2","["
"2","13"
"2",":"
"2","34"
"2",":"
"2","51"
"2","] "
"2","loaded 12M reads"
"2","
"
"2","["
"2","13"
"2",":"
"2","34"
"2",":"
"2","55"
"2","] "
"2","loaded 13M reads"
"2","
"
"2","["
"2","13"
"2",":"
"2","35"
"2",":"
"2","0"
"2","] "
"2","loaded 14M reads"
"2","
"
"2","["
"2","13"
"2",":"
"2","35"
"2",":"
"2","4"
"2","] "
"2","loaded 15M reads"
"2","
"
"2","["
"2","13"
"2",":"
"2","35"
"2",":"
"2","8"
"2","] "
"2","loaded 16M reads"
"2","
"
"2","["
"2","13"
"2",":"
"2","35"
"2",":"
"2","12"
"2","] "
"2","loaded 17M reads"
"2","
"
"2","["
"2","13"
"2",":"
"2","35"
"2",":"
"2","16"
"2","] "
"2","loaded 18M reads"
"2","
"
"2","["
"2","13"
"2",":"
"2","35"
"2",":"
"2","20"
"2","] "
"2","loaded 19M reads"
"2","
"
"2","["
"2","13"
"2",":"
"2","35"
"2",":"
"2","25"
"2","] "
"2","loaded 20M reads"
"2","
"
"2","ERROR: sequence and quality have different length:"
"2","
"
"2","@D00330:444:HKTKMBCXX:1:1113:14202:33314 1:N:0:TCCCGAAT"
"2","
"
"2","CCAG"
"2","
"
"2",""
"2","
"
"2",""
"2","
"
"2","["
"2","13"
"2",":"
"2","35"
"2",":"
"2","28"
"2","] "
"2","all reads loaded, start to monitor thread status"
"2","
"
"2","["
"2","13"
"2",":"
"2","35"
"2",":"
"2","28"
"2","] "
"2","thread 2 is processing the 20761 / 20763 pack"
"2","
"
"2","["
"2","13"
"2",":"
"2","35"
"2",":"
"2","28"
"2","] "
"2","thread 1 is processing the 20761 / 20763 pack"
"2","
"
"2","["
"2","13"
"2",":"
"2","35"
"2",":"
"2","28"
"2","] "
"2","thread 2 data processing completed"
"2","
"
"2","["
"2","13"
"2",":"
"2","35"
"2",":"
"2","28"
"2","] "
"2","thread 2 finished"
"2","
"
"2","["
"2","13"
"2",":"
"2","35"
"2",":"
"2","28"
"2","] "
"2","thread 1 data processing completed"
"2","
"
"2","["
"2","13"
"2",":"
"2","35"
"2",":"
"2","28"
"2","] "
"2","thread 1 finished"
"2","
"
"2","["
"2","13"
"2",":"
"2","35"
"2",":"
"2","30"
"2","] "
"2","data/ENCFF332KDA_rfastp_R1.fastq.gz writer finished"
"2","
"
"2","["
"2","13"
"2",":"
"2","35"
"2",":"
"2","30"
"2","] "
"2","start to generate reports
"
"2","
"
"2","Read1 before filtering:"
"2","
"
"2","total reads: "
"2","20762724"
"2","
"
"2","total bases: "
"2","1038136200"
"2","
"
"2","Q20 bases: "
"2","1017386634"
"2","("
"2","98.0013"
"2","%)"
"2","
"
"2","Q30 bases: "
"2","987403302"
"2","("
"2","95.1131"
"2","%)"
"2","
"
"2","
"
"2","Read1 after filtering:"
"2","
"
"2","total reads: "
"2","20627346"
"2","
"
"2","total bases: "
"2","1031367300"
"2","
"
"2","Q20 bases: "
"2","1015055546"
"2","("
"2","98.4184"
"2","%)"
"2","
"
"2","Q30 bases: "
"2","986890223"
"2","("
"2","95.6876"
"2","%)"
"2","
"
"2","
"
"2","Filtering result:"
"2","
"
"2","reads passed filter: "
"2","20627346"
"2","
"
"2","reads failed due to low quality: "
"2","133874"
"2","
"
"2","reads failed due to too many N: "
"2","1504"
"2","
"
"2","reads failed due to too short: "
"2","0"
"2","
"
"2","reads with adapter trimmed: "
"2","0"
"2","
"
"2","bases trimmed due to adapters: "
"2","0"
"2","
"
"2","
"
"2","Duplication rate (may be overestimated since this is SE data): "
"2","24.392"
"2","%"
"2","
"
