"0","mainCharSeqSet
"
"1","DNAStringSet"
"1",""
"1"," object of length "
"1",""
"1","2"
"1",":"
"1","
"
"1","    "
"1",""
"1","    width"
"1"," seq                                                       "
"1",""
"1","names               "
"1","
"
"1","[1]"
"1",""
"1"," "
"1",""
"1","195471971"
"1",""
"1"," "
"1",""
"1","[48;5;249m[38;5;255mN[39m[49m[48;5;249m[38;5;255mN[39m[49m[48;5;249m[38;5;255mN[39m[49m[48;5;249m[38;5;255mN[39m[49m[48;5;249m[38;5;255mN[39m[49m[48;5;249m[38;5;255mN[39m[49m[48;5;249m[38;5;255mN[39m[49m[48;5;249m[38;5;255mN[39m[49m[48;5;249m[38;5;255mN[39m[49m[48;5;249m[38;5;255mN[39m[49m[48;5;249m[38;5;255mN[39m[49m[48;5;249m[38;5;255mN[39m[49m[48;5;249m[38;5;255mN[39m[49m[48;5;249m[38;5;255mN[39m[49m[48;5;249m[38;5;255mN[39m[49m[48;5;249m[38;5;255mN[39m[49m[48;5;249m[38;5;255mN[39m[49m[48;5;249m[38;5;255mN[39m[49m[48;5;249m[38;5;255mN[39m[49m[48;5;249m[38;5;255mN[39m[49m[48;5;249m[38;5;255mN[39m[49m[48;5;249m[38;5;255mN[39m[49m[48;5;249m[38;5;255mN[39m[49m[48;5;249m[38;5;255mN[39m[49m[48;5;249m[38;5;255mN[39m[49m[48;5;249m[38;5;255mN[39m[49m[48;5;249m[38;5;255mN[39m[49m...[48;5;249m[38;5;255mN[39m[49m[48;5;249m[38;5;255mN[39m[49m[48;5;249m[38;5;255mN[39m[49m[48;5;249m[38;5;255mN[39m[49m[48;5;249m[38;5;255mN[39m[49m[48;5;249m[38;5;255mN[39m[49m[48;5;249m[38;5;255mN[39m[49m[48;5;249m[38;5;255mN[39m[49m[48;5;249m[38;5;255mN[39m[49m[48;5;249m[38;5;255mN[39m[49m[48;5;249m[38;5;255mN[39m[49m[48;5;249m[38;5;255mN[39m[49m[48;5;249m[38;5;255mN[39m[49m[48;5;249m[38;5;255mN[39m[49m[48;5;249m[38;5;255mN[39m[49m[48;5;249m[38;5;255mN[39m[49m[48;5;249m[38;5;255mN[39m[49m[48;5;249m[38;5;255mN[39m[49m[48;5;249m[38;5;255mN[39m[49m[48;5;249m[38;5;255mN[39m[49m[48;5;249m[38;5;255mN[39m[49m[48;5;249m[38;5;255mN[39m[49m[48;5;249m[38;5;255mN[39m[49m[48;5;249m[38;5;255mN[39m[49m[48;5;249m[38;5;255mN[39m[49m[48;5;249m[38;5;255mN[39m[49m[48;5;249m[38;5;255mN[39m[49m"
"1"," "
"1",""
"1","chr1"
"1","
"
"1","[2]"
"1",""
"1"," "
"1",""
"1","182113224"
"1",""
"1"," "
"1",""
"1","[48;5;249m[38;5;255mN[39m[49m[48;5;249m[38;5;255mN[39m[49m[48;5;249m[38;5;255mN[39m[49m[48;5;249m[38;5;255mN[39m[49m[48;5;249m[38;5;255mN[39m[49m[48;5;249m[38;5;255mN[39m[49m[48;5;249m[38;5;255mN[39m[49m[48;5;249m[38;5;255mN[39m[49m[48;5;249m[38;5;255mN[39m[49m[48;5;249m[38;5;255mN[39m[49m[48;5;249m[38;5;255mN[39m[49m[48;5;249m[38;5;255mN[39m[49m[48;5;249m[38;5;255mN[39m[49m[48;5;249m[38;5;255mN[39m[49m[48;5;249m[38;5;255mN[39m[49m[48;5;249m[38;5;255mN[39m[49m[48;5;249m[38;5;255mN[39m[49m[48;5;249m[38;5;255mN[39m[49m[48;5;249m[38;5;255mN[39m[49m[48;5;249m[38;5;255mN[39m[49m[48;5;249m[38;5;255mN[39m[49m[48;5;249m[38;5;255mN[39m[49m[48;5;249m[38;5;255mN[39m[49m[48;5;249m[38;5;255mN[39m[49m[48;5;249m[38;5;255mN[39m[49m[48;5;249m[38;5;255mN[39m[49m[48;5;249m[38;5;255mN[39m[49m...[48;5;249m[38;5;255mN[39m[49m[48;5;249m[38;5;255mN[39m[49m[48;5;249m[38;5;255mN[39m[49m[48;5;249m[38;5;255mN[39m[49m[48;5;249m[38;5;255mN[39m[49m[48;5;249m[38;5;255mN[39m[49m[48;5;249m[38;5;255mN[39m[49m[48;5;249m[38;5;255mN[39m[49m[48;5;249m[38;5;255mN[39m[49m[48;5;249m[38;5;255mN[39m[49m[48;5;249m[38;5;255mN[39m[49m[48;5;249m[38;5;255mN[39m[49m[48;5;249m[38;5;255mN[39m[49m[48;5;249m[38;5;255mN[39m[49m[48;5;249m[38;5;255mN[39m[49m[48;5;249m[38;5;255mN[39m[49m[48;5;249m[38;5;255mN[39m[49m[48;5;249m[38;5;255mN[39m[49m[48;5;249m[38;5;255mN[39m[49m[48;5;249m[38;5;255mN[39m[49m[48;5;249m[38;5;255mN[39m[49m[48;5;249m[38;5;255mN[39m[49m[48;5;249m[38;5;255mN[39m[49m[48;5;249m[38;5;255mN[39m[49m[48;5;249m[38;5;255mN[39m[49m[48;5;249m[38;5;255mN[39m[49m[48;5;249m[38;5;255mN[39m[49m"
"1"," "
"1",""
"1","chr2"
"1","
"
